tAsp(fs);4C[Asp-ONS];4C[Asp-OSi];21[Asp-ONS];21[Asp-OSi];30[Asp-ONS];30[Asp-OSi];;;;;;;;;;;;;;;;;;;
0;10;0;10;0;10;0;;;;;;;;;;;;;;;;;;;
10;9.90E+00;0.1;9.85E+00;0.15;9.84E+00;0.16;;;;;;;;;;;;;;;;;;;
20;9.80E+00;0.2;9.70E+00;0.3;9.69E+00;0.31;;;;;;;;;;;;;;;;;;;
30;9.70E+00;0.3;9.55E+00;0.45;9.53E+00;0.47;;;;;;;;;;;;;;;;;;;
40;9.60E+00;0.4;9.40E+00;0.6;9.38E+00;0.62;;;;;;;;;;;;;;;;;;;
50;9.50E+00;0.5;9.26E+00;0.74;9.23E+00;0.77;;;;;;;;;;;;;;;;;;;
60;9.41E+00;0.59;9.12E+00;0.88;9.09E+00;0.91;;;;;;;;;;;;;;;;;;;
70;9.31E+00;0.69;8.98E+00;1.02;8.94E+00;1.06;;;;;;;;;;;;;;;;;;;
80;9.22E+00;0.78;8.84E+00;1.16;8.80E+00;1.2;;;;;;;;;;;;;;;;;;;
90;9.12E+00;0.88;8.71E+00;1.29;8.66E+00;1.34;;;;;;;;;;;;;;;;;;;
100;9.03E+00;0.97;8.57E+00;1.43;8.53E+00;1.47;;;;;;;;;;;;;;;;;;;
110;8.94E+00;1.06;8.44E+00;1.56;8.39E+00;1.61;;;;;;;;;;;;;;;;;;;
120;8.85E+00;1.15;8.31E+00;1.69;8.26E+00;1.74;;;;;;;;;;;;;;;;;;;
130;8.76E+00;1.24;8.19E+00;1.81;8.13E+00;1.87;;;;;;;;;;;;;;;;;;;
140;8.67E+00;1.33;8.06E+00;1.94;8.00E+00;2;;;;;;;;;;;;;;;;;;;
150;8.58E+00;1.42;7.94E+00;2.06;7.87E+00;2.13;;;;;;;;;;;;;;;;;;;
160;8.50E+00;1.5;7.82E+00;2.18;7.75E+00;2.25;;;;;;;;;;;;;;;;;;;
170;8.41E+00;1.59;7.70E+00;2.3;7.63E+00;2.37;;;;;;;;;;;;;;;;;;;
180;8.32E+00;1.68;7.58E+00;2.42;7.51E+00;2.49;;;;;;;;;;;;;;;;;;;
190;8.24E+00;1.76;7.46E+00;2.54;7.39E+00;2.61;;;;;;;;;;;;;;;;;;;
200;8.16E+00;1.84;7.35E+00;2.65;7.27E+00;2.73;;;;;;;;;;;;;;;;;;;
210;8.07E+00;1.93;7.24E+00;2.76;7.16E+00;2.84;;;;;;;;;;;;;;;;;;;
220;7.99E+00;2.01;7.13E+00;2.87;7.04E+00;2.96;;;;;;;;;;;;;;;;;;;
230;7.91E+00;2.09;7.02E+00;2.98;6.93E+00;3.07;;;;;;;;;;;;;;;;;;;
240;7.83E+00;2.17;6.91E+00;3.09;6.82E+00;3.18;;;;;;;;;;;;;;;;;;;
250;7.75E+00;2.25;6.81E+00;3.19;6.71E+00;3.29;;;;;;;;;;;;;;;;;;;
260;7.67E+00;2.33;6.70E+00;3.3;6.61E+00;3.39;;;;;;;;;;;;;;;;;;;
270;7.60E+00;2.4;6.60E+00;3.4;6.50E+00;3.5;;;;;;;;;;;;;;;;;;;
280;7.52E+00;2.48;6.50E+00;3.5;6.40E+00;3.6;;;;;;;;;;;;;;;;;;;
290;7.44E+00;2.56;6.40E+00;3.6;6.30E+00;3.7;;;;;;;;;;;;;;;;;;;
300;7.37E+00;2.63;6.30E+00;3.7;6.20E+00;3.8;;;;;;;;;;;;;;;;;;;
310;7.29E+00;2.71;6.21E+00;3.79;6.10E+00;3.9;;;;;;;;;;;;;;;;;;;
320;7.22E+00;2.78;6.11E+00;3.89;6.01E+00;4;;;;;;;;;;;;;;;;;;;
330;7.15E+00;2.85;6.02E+00;3.98;5.91E+00;4.09;;;;;;;;;;;;;;;;;;;
340;7.07E+00;2.93;5.93E+00;4.07;5.82E+00;4.18;;;;;;;;;;;;;;;;;;;
350;7.00E+00;3;5.84E+00;4.16;5.72E+00;4.28;;;;;;;;;;;;;;;;;;;
360;6.93E+00;3.07;5.75E+00;4.25;5.63E+00;4.37;;;;;;;;;;;;;;;;;;;
370;6.86E+00;3.14;5.66E+00;4.34;5.55E+00;4.46;;;;;;;;;;;;;;;;;;;
380;6.79E+00;3.21;5.57E+00;4.43;5.46E+00;4.54;;;;;;;;;;;;;;;;;;;
390;6.72E+00;3.28;5.49E+00;4.51;5.37E+00;4.63;;;;;;;;;;;;;;;;;;;
400;6.65E+00;3.35;5.40E+00;4.6;5.29E+00;4.71;;;;;;;;;;;;;;;;;;;
410;6.59E+00;3.41;5.32E+00;4.68;5.20E+00;4.8;;;;;;;;;;;;;;;;;;;
420;6.52E+00;3.48;5.24E+00;4.76;5.12E+00;4.88;;;;;;;;;;;;;;;;;;;
430;6.45E+00;3.55;5.16E+00;4.84;5.04E+00;4.96;;;;;;;;;;;;;;;;;;;
440;6.39E+00;3.61;5.08E+00;4.92;4.96E+00;5.04;;;;;;;;;;;;;;;;;;;
450;6.32E+00;3.68;5.00E+00;5;4.88E+00;5.12;;;;;;;;;;;;;;;;;;;
460;6.26E+00;3.74;4.93E+00;5.07;4.80E+00;5.2;;;;;;;;;;;;;;;;;;;
470;6.20E+00;3.8;4.85E+00;5.15;4.73E+00;5.27;;;;;;;;;;;;;;;;;;;
480;6.13E+00;3.87;4.78E+00;5.22;4.65E+00;5.35;;;;;;;;;;;;;;;;;;;
490;6.07E+00;3.93;4.70E+00;5.3;4.58E+00;5.42;;;;;;;;;;;;;;;;;;;
500;6.01E+00;3.99;4.63E+00;5.37;4.51E+00;5.49;;;;;;;;;;;;;;;;;;;
510;5.95E+00;4.05;4.56E+00;5.44;4.44E+00;5.56;;;;;;;;;;;;;;;;;;;
520;5.89E+00;4.11;4.49E+00;5.51;4.37E+00;5.63;;;;;;;;;;;;;;;;;;;
530;5.83E+00;4.17;4.42E+00;5.58;4.30E+00;5.7;;;;;;;;;;;;;;;;;;;
540;5.77E+00;4.23;4.36E+00;5.64;4.23E+00;5.77;;;;;;;;;;;;;;;;;;;
550;5.71E+00;4.29;4.29E+00;5.71;4.16E+00;5.84;;;;;;;;;;;;;;;;;;;
560;5.65E+00;4.35;4.22E+00;5.78;4.10E+00;5.9;;;;;;;;;;;;;;;;;;;
570;5.60E+00;4.4;4.16E+00;5.84;4.03E+00;5.97;;;;;;;;;;;;;;;;;;;
580;5.54E+00;4.46;4.10E+00;5.9;3.97E+00;6.03;;;;;;;;;;;;;;;;;;;
590;5.48E+00;4.52;4.03E+00;5.97;3.91E+00;6.1;;;;;;;;;;;;;;;;;;;
600;5.43E+00;4.57;3.97E+00;6.03;3.84E+00;6.16;;;;;;;;;;;;;;;;;;;
610;5.37E+00;4.63;3.91E+00;6.09;3.78E+00;6.22;;;;;;;;;;;;;;;;;;;
620;5.32E+00;4.68;3.85E+00;6.15;3.72E+00;6.28;;;;;;;;;;;;;;;;;;;
630;5.26E+00;4.74;3.79E+00;6.21;3.66E+00;6.34;;;;;;;;;;;;;;;;;;;
640;5.21E+00;4.79;3.74E+00;6.26;3.61E+00;6.39;;;;;;;;;;;;;;;;;;;
650;5.16E+00;4.84;3.68E+00;6.32;3.55E+00;6.45;;;;;;;;;;;;;;;;;;;
660;5.11E+00;4.89;3.62E+00;6.38;3.49E+00;6.51;;;;;;;;;;;;;;;;;;;
670;5.05E+00;4.95;3.57E+00;6.43;3.44E+00;6.56;;;;;;;;;;;;;;;;;;;
680;5.00E+00;5;3.51E+00;6.49;3.38E+00;6.62;;;;;;;;;;;;;;;;;;;
690;4.95E+00;5.05;3.46E+00;6.54;3.33E+00;6.67;;;;;;;;;;;;;;;;;;;
700;4.90E+00;5.1;3.41E+00;6.59;3.28E+00;6.72;;;;;;;;;;;;;;;;;;;
710;4.85E+00;5.15;3.35E+00;6.65;3.23E+00;6.77;;;;;;;;;;;;;;;;;;;
720;4.80E+00;5.2;3.30E+00;6.7;3.17E+00;6.83;;;;;;;;;;;;;;;;;;;
730;4.75E+00;5.25;3.25E+00;6.75;3.12E+00;6.88;;;;;;;;;;;;;;;;;;;
740;4.71E+00;5.29;3.20E+00;6.8;3.07E+00;6.93;;;;;;;;;;;;;;;;;;;
750;4.66E+00;5.34;3.15E+00;6.85;3.03E+00;6.97;;;;;;;;;;;;;;;;;;;
760;4.61E+00;5.39;3.11E+00;6.89;2.98E+00;7.02;;;;;;;;;;;;;;;;;;;
770;4.56E+00;5.44;3.06E+00;6.94;2.93E+00;7.07;;;;;;;;;;;;;;;;;;;
780;4.52E+00;5.48;3.01E+00;6.99;2.89E+00;7.12;;;;;;;;;;;;;;;;;;;
790;4.47E+00;5.53;2.97E+00;7.03;2.84E+00;7.16;;;;;;;;;;;;;;;;;;;
800;4.43E+00;5.57;2.92E+00;7.08;2.79E+00;7.21;;;;;;;;;;;;;;;;;;;
810;4.38E+00;5.62;2.88E+00;7.12;2.75E+00;7.25;;;;;;;;;;;;;;;;;;;
820;4.34E+00;5.66;2.83E+00;7.17;2.71E+00;7.29;;;;;;;;;;;;;;;;;;;
830;4.29E+00;5.71;2.79E+00;7.21;2.66E+00;7.34;;;;;;;;;;;;;;;;;;;
840;4.25E+00;5.75;2.75E+00;7.25;2.62E+00;7.38;;;;;;;;;;;;;;;;;;;
850;4.21E+00;5.79;2.70E+00;7.3;2.58E+00;7.42;;;;;;;;;;;;;;;;;;;
860;4.16E+00;5.84;2.66E+00;7.34;2.54E+00;7.46;;;;;;;;;;;;;;;;;;;
870;4.12E+00;5.88;2.62E+00;7.38;2.50E+00;7.5;;;;;;;;;;;;;;;;;;;
880;4.08E+00;5.92;2.58E+00;7.42;2.46E+00;7.54;;;;;;;;;;;;;;;;;;;
890;4.04E+00;5.96;2.54E+00;7.46;2.42E+00;7.58;;;;;;;;;;;;;;;;;;;
900;4.00E+00;6;2.50E+00;7.5;2.38E+00;7.62;;;;;;;;;;;;;;;;;;;
910;3.96E+00;6.04;2.47E+00;7.53;2.35E+00;7.66;;;;;;;;;;;;;;;;;;;
920;3.92E+00;6.08;2.43E+00;7.57;2.31E+00;7.69;;;;;;;;;;;;;;;;;;;
930;3.88E+00;6.12;2.39E+00;7.61;2.27E+00;7.73;;;;;;;;;;;;;;;;;;;
940;3.84E+00;6.16;2.35E+00;7.65;2.24E+00;7.76;;;;;;;;;;;;;;;;;;;
950;3.80E+00;6.2;2.32E+00;7.68;2.20E+00;7.8;;;;;;;;;;;;;;;;;;;
960;3.76E+00;6.24;2.28E+00;7.72;2.17E+00;7.83;;;;;;;;;;;;;;;;;;;
970;3.72E+00;6.28;2.25E+00;7.75;2.13E+00;7.87;;;;;;;;;;;;;;;;;;;
980;3.69E+00;6.31;2.21E+00;7.79;2.10E+00;7.9;;;;;;;;;;;;;;;;;;;
990;3.65E+00;6.35;2.18E+00;7.82;2.06E+00;7.94;;;;;;;;;;;;;;;;;;;
1000;3.61E+00;6.39;2.15E+00;7.85;2.03E+00;7.97;;;;;;;;;;;;;;;;;;;
1010;3.57E+00;6.43;2.11E+00;7.89;2.00E+00;8;;;;;;;;;;;;;;;;;;;
1020;3.54E+00;6.46;2.08E+00;7.92;1.97E+00;8.03;;;;;;;;;;;;;;;;;;;
1030;3.50E+00;6.5;2.05E+00;7.95;1.94E+00;8.06;;;;;;;;;;;;;;;;;;;
1040;3.47E+00;6.53;2.02E+00;7.98;1.91E+00;8.09;;;;;;;;;;;;;;;;;;;
1050;3.43E+00;6.57;1.99E+00;8.01;1.88E+00;8.12;;;;;;;;;;;;;;;;;;;
1060;3.40E+00;6.6;1.96E+00;8.04;1.85E+00;8.15;;;;;;;;;;;;;;;;;;;
1070;3.36E+00;6.64;1.93E+00;8.07;1.82E+00;8.18;;;;;;;;;;;;;;;;;;;
1080;3.33E+00;6.67;1.90E+00;8.1;1.79E+00;8.21;;;;;;;;;;;;;;;;;;;
1090;3.29E+00;6.71;1.87E+00;8.13;1.76E+00;8.24;;;;;;;;;;;;;;;;;;;
1100;3.26E+00;6.74;1.84E+00;8.16;1.73E+00;8.27;;;;;;;;;;;;;;;;;;;
1110;3.23E+00;6.77;1.81E+00;8.19;1.71E+00;8.3;;;;;;;;;;;;;;;;;;;
1120;3.20E+00;6.8;1.78E+00;8.22;1.68E+00;8.32;;;;;;;;;;;;;;;;;;;
1130;3.16E+00;6.84;1.76E+00;8.24;1.65E+00;8.35;;;;;;;;;;;;;;;;;;;
1140;3.13E+00;6.87;1.73E+00;8.27;1.63E+00;8.37;;;;;;;;;;;;;;;;;;;
1150;3.10E+00;6.9;1.70E+00;8.3;1.60E+00;8.4;;;;;;;;;;;;;;;;;;;
1160;3.07E+00;6.93;1.68E+00;8.32;1.57E+00;8.43;;;;;;;;;;;;;;;;;;;
1170;3.04E+00;6.96;1.65E+00;8.35;1.55E+00;8.45;;;;;;;;;;;;;;;;;;;
1180;3.01E+00;6.99;1.63E+00;8.37;1.53E+00;8.48;;;;;;;;;;;;;;;;;;;
1190;2.98E+00;7.02;1.60E+00;8.4;1.50E+00;8.5;;;;;;;;;;;;;;;;;;;
1200;2.95E+00;7.05;1.58E+00;8.42;1.48E+00;8.52;;;;;;;;;;;;;;;;;;;
1210;2.92E+00;7.08;1.55E+00;8.45;1.45E+00;8.55;;;;;;;;;;;;;;;;;;;
1220;2.89E+00;7.11;1.53E+00;8.47;1.43E+00;8.57;;;;;;;;;;;;;;;;;;;
1230;2.86E+00;7.14;1.51E+00;8.49;1.41E+00;8.59;;;;;;;;;;;;;;;;;;;
1240;2.83E+00;7.17;1.48E+00;8.52;1.39E+00;8.61;;;;;;;;;;;;;;;;;;;
1250;2.80E+00;7.2;1.46E+00;8.54;1.36E+00;8.64;;;;;;;;;;;;;;;;;;;
1260;2.77E+00;7.23;1.44E+00;8.56;1.34E+00;8.66;;;;;;;;;;;;;;;;;;;
1270;2.74E+00;7.26;1.42E+00;8.58;1.32E+00;8.68;;;;;;;;;;;;;;;;;;;
1280;2.71E+00;7.29;1.40E+00;8.6;1.30E+00;8.7;;;;;;;;;;;;;;;;;;;
1290;2.69E+00;7.31;1.37E+00;8.63;1.28E+00;8.72;;;;;;;;;;;;;;;;;;;
1300;2.66E+00;7.34;1.35E+00;8.65;1.26E+00;8.74;;;;;;;;;;;;;;;;;;;
1310;2.63E+00;7.37;1.33E+00;8.67;1.24E+00;8.76;;;;;;;;;;;;;;;;;;;
1320;2.61E+00;7.39;1.31E+00;8.69;1.22E+00;8.78;;;;;;;;;;;;;;;;;;;
1330;2.58E+00;7.42;1.29E+00;8.71;1.20E+00;8.8;;;;;;;;;;;;;;;;;;;
1340;2.55E+00;7.45;1.27E+00;8.73;1.18E+00;8.82;;;;;;;;;;;;;;;;;;;
1350;2.53E+00;7.47;1.25E+00;8.75;1.16E+00;8.84;;;;;;;;;;;;;;;;;;;
1360;2.50E+00;7.5;1.23E+00;8.77;1.14E+00;8.86;;;;;;;;;;;;;;;;;;;
1370;2.48E+00;7.52;1.21E+00;8.79;1.13E+00;8.87;;;;;;;;;;;;;;;;;;;
1380;2.45E+00;7.55;1.20E+00;8.8;1.11E+00;8.89;;;;;;;;;;;;;;;;;;;
1390;2.43E+00;7.57;1.18E+00;8.82;1.09E+00;8.91;;;;;;;;;;;;;;;;;;;
1400;2.40E+00;7.6;1.16E+00;8.84;1.07E+00;8.93;;;;;;;;;;;;;;;;;;;
1410;2.38E+00;7.62;1.14E+00;8.86;1.06E+00;8.94;;;;;;;;;;;;;;;;;;;
1420;2.35E+00;7.65;1.12E+00;8.88;1.04E+00;8.96;;;;;;;;;;;;;;;;;;;
1430;2.33E+00;7.67;1.11E+00;8.89;1.02E+00;8.98;;;;;;;;;;;;;;;;;;;
1440;2.31E+00;7.69;1.09E+00;8.91;1.01E+00;8.99;;;;;;;;;;;;;;;;;;;
1450;2.28E+00;7.72;1.07E+00;8.93;9.92E-01;9.01;;;;;;;;;;;;;;;;;;;
1460;2.26E+00;7.74;1.06E+00;8.94;9.76E-01;9.02;;;;;;;;;;;;;;;;;;;
1470;2.24E+00;7.76;1.04E+00;8.96;9.60E-01;9.04;;;;;;;;;;;;;;;;;;;
1480;2.21E+00;7.79;1.03E+00;8.97;9.45E-01;9.05;;;;;;;;;;;;;;;;;;;
1490;2.19E+00;7.81;1.01E+00;8.99;9.30E-01;9.07;;;;;;;;;;;;;;;;;;;
1500;2.17E+00;7.83;9.94E-01;9.01;9.16E-01;9.08;;;;;;;;;;;;;;;;;;;
1510;2.15E+00;7.85;9.79E-01;9.02;9.01E-01;9.1;;;;;;;;;;;;;;;;;;;
1520;2.13E+00;7.87;9.64E-01;9.04;8.87E-01;9.11;;;;;;;;;;;;;;;;;;;
1530;2.10E+00;7.9;9.50E-01;9.05;8.73E-01;9.13;;;;;;;;;;;;;;;;;;;
1540;2.08E+00;7.92;9.35E-01;9.06;8.59E-01;9.14;;;;;;;;;;;;;;;;;;;
1550;2.06E+00;7.94;9.21E-01;9.08;8.46E-01;9.15;;;;;;;;;;;;;;;;;;;
1560;2.04E+00;7.96;9.07E-01;9.09;8.32E-01;9.17;;;;;;;;;;;;;;;;;;;
1570;2.02E+00;7.98;8.93E-01;9.11;8.19E-01;9.18;;;;;;;;;;;;;;;;;;;
1580;2.00E+00;8;8.79E-01;9.12;8.06E-01;9.19;;;;;;;;;;;;;;;;;;;
1590;1.98E+00;8.02;8.66E-01;9.13;7.93E-01;9.21;;;;;;;;;;;;;;;;;;;
1600;1.96E+00;8.04;8.53E-01;9.15;7.81E-01;9.22;;;;;;;;;;;;;;;;;;;
1610;1.94E+00;8.06;8.40E-01;9.16;7.68E-01;9.23;;;;;;;;;;;;;;;;;;;
1620;1.92E+00;8.08;8.27E-01;9.17;7.56E-01;9.24;;;;;;;;;;;;;;;;;;;
1630;1.90E+00;8.1;8.14E-01;9.19;7.44E-01;9.26;;;;;;;;;;;;;;;;;;;
1640;1.88E+00;8.12;8.02E-01;9.2;7.33E-01;9.27;;;;;;;;;;;;;;;;;;;
1650;1.86E+00;8.14;7.90E-01;9.21;7.21E-01;9.28;;;;;;;;;;;;;;;;;;;
1660;1.84E+00;8.16;7.77E-01;9.22;7.10E-01;9.29;;;;;;;;;;;;;;;;;;;
1670;1.82E+00;8.18;7.66E-01;9.23;6.98E-01;9.3;;;;;;;;;;;;;;;;;;;
1680;1.81E+00;8.19;7.54E-01;9.25;6.87E-01;9.31;;;;;;;;;;;;;;;;;;;
1690;1.79E+00;8.21;7.42E-01;9.26;6.76E-01;9.32;;;;;;;;;;;;;;;;;;;
1700;1.77E+00;8.23;7.31E-01;9.27;6.66E-01;9.33;;;;;;;;;;;;;;;;;;;
1710;1.75E+00;8.25;7.20E-01;9.28;6.55E-01;9.34;;;;;;;;;;;;;;;;;;;
1720;1.73E+00;8.27;7.09E-01;9.29;6.45E-01;9.36;;;;;;;;;;;;;;;;;;;
1730;1.72E+00;8.28;6.98E-01;9.3;6.35E-01;9.37;;;;;;;;;;;;;;;;;;;
1740;1.70E+00;8.3;6.87E-01;9.31;6.25E-01;9.38;;;;;;;;;;;;;;;;;;;
1750;1.68E+00;8.32;6.77E-01;9.32;6.15E-01;9.39;;;;;;;;;;;;;;;;;;;
1760;1.66E+00;8.34;6.67E-01;9.33;6.05E-01;9.4;;;;;;;;;;;;;;;;;;;
1770;1.65E+00;8.35;6.56E-01;9.34;5.95E-01;9.4;;;;;;;;;;;;;;;;;;;
1780;1.63E+00;8.37;6.46E-01;9.35;5.86E-01;9.41;;;;;;;;;;;;;;;;;;;
1790;1.61E+00;8.39;6.36E-01;9.36;5.77E-01;9.42;;;;;;;;;;;;;;;;;;;
1800;1.60E+00;8.4;6.27E-01;9.37;5.68E-01;9.43;;;;;;;;;;;;;;;;;;;
1810;1.58E+00;8.42;6.17E-01;9.38;5.59E-01;9.44;;;;;;;;;;;;;;;;;;;
1820;1.57E+00;8.43;6.08E-01;9.39;5.50E-01;9.45;;;;;;;;;;;;;;;;;;;
1830;1.55E+00;8.45;5.99E-01;9.4;5.41E-01;9.46;;;;;;;;;;;;;;;;;;;
1840;1.53E+00;8.47;5.89E-01;9.41;5.33E-01;9.47;;;;;;;;;;;;;;;;;;;
1850;1.52E+00;8.48;5.80E-01;9.42;5.24E-01;9.48;;;;;;;;;;;;;;;;;;;
1860;1.50E+00;8.5;5.72E-01;9.43;5.16E-01;9.48;;;;;;;;;;;;;;;;;;;
1870;1.49E+00;8.51;5.63E-01;9.44;5.08E-01;9.49;;;;;;;;;;;;;;;;;;;
1880;1.47E+00;8.53;5.54E-01;9.45;5.00E-01;9.5;;;;;;;;;;;;;;;;;;;
1890;1.46E+00;8.54;5.46E-01;9.45;4.92E-01;9.51;;;;;;;;;;;;;;;;;;;
1900;1.44E+00;8.56;5.37E-01;9.46;4.84E-01;9.52;;;;;;;;;;;;;;;;;;;
1910;1.43E+00;8.57;5.29E-01;9.47;4.76E-01;9.52;;;;;;;;;;;;;;;;;;;
1920;1.41E+00;8.59;5.21E-01;9.48;4.69E-01;9.53;;;;;;;;;;;;;;;;;;;
1930;1.40E+00;8.6;5.13E-01;9.49;4.61E-01;9.54;;;;;;;;;;;;;;;;;;;
1940;1.39E+00;8.61;5.05E-01;9.49;4.54E-01;9.55;;;;;;;;;;;;;;;;;;;
1950;1.37E+00;8.63;4.98E-01;9.5;4.47E-01;9.55;;;;;;;;;;;;;;;;;;;
1960;1.36E+00;8.64;4.90E-01;9.51;4.40E-01;9.56;;;;;;;;;;;;;;;;;;;
1970;1.34E+00;8.66;4.83E-01;9.52;4.33E-01;9.57;;;;;;;;;;;;;;;;;;;
1980;1.33E+00;8.67;4.75E-01;9.52;4.26E-01;9.57;;;;;;;;;;;;;;;;;;;
1990;1.32E+00;8.68;4.68E-01;9.53;4.19E-01;9.58;;;;;;;;;;;;;;;;;;;
2000;1.30E+00;8.7;4.61E-01;9.54;4.13E-01;9.59;;;;;;;;;;;;;;;;;;;
2010;1.29E+00;8.71;4.54E-01;9.55;4.06E-01;9.59;;;;;;;;;;;;;;;;;;;
2020;1.28E+00;8.72;4.47E-01;9.55;4.00E-01;9.6;;;;;;;;;;;;;;;;;;;
2030;1.26E+00;8.74;4.40E-01;9.56;3.93E-01;9.61;;;;;;;;;;;;;;;;;;;
2040;1.25E+00;8.75;4.33E-01;9.57;3.87E-01;9.61;;;;;;;;;;;;;;;;;;;
2050;1.24E+00;8.76;4.27E-01;9.57;3.81E-01;9.62;;;;;;;;;;;;;;;;;;;
2060;1.23E+00;8.77;4.20E-01;9.58;3.75E-01;9.62;;;;;;;;;;;;;;;;;;;
2070;1.21E+00;8.79;4.14E-01;9.59;3.69E-01;9.63;;;;;;;;;;;;;;;;;;;
2080;1.20E+00;8.8;4.07E-01;9.59;3.63E-01;9.64;;;;;;;;;;;;;;;;;;;
2090;1.19E+00;8.81;4.01E-01;9.6;3.58E-01;9.64;;;;;;;;;;;;;;;;;;;
2100;1.18E+00;8.82;3.95E-01;9.6;3.52E-01;9.65;;;;;;;;;;;;;;;;;;;
2110;1.17E+00;8.83;3.89E-01;9.61;3.46E-01;9.65;;;;;;;;;;;;;;;;;;;
2120;1.15E+00;8.85;3.83E-01;9.62;3.41E-01;9.66;;;;;;;;;;;;;;;;;;;
2130;1.14E+00;8.86;3.77E-01;9.62;3.35E-01;9.66;;;;;;;;;;;;;;;;;;;
2140;1.13E+00;8.87;3.71E-01;9.63;3.30E-01;9.67;;;;;;;;;;;;;;;;;;;
2150;1.12E+00;8.88;3.66E-01;9.63;3.25E-01;9.68;;;;;;;;;;;;;;;;;;;
2160;1.11E+00;8.89;3.60E-01;9.64;3.20E-01;9.68;;;;;;;;;;;;;;;;;;;
2170;1.10E+00;8.9;3.55E-01;9.65;3.15E-01;9.69;;;;;;;;;;;;;;;;;;;
2180;1.09E+00;8.91;3.49E-01;9.65;3.10E-01;9.69;;;;;;;;;;;;;;;;;;;
2190;1.07E+00;8.93;3.44E-01;9.66;3.05E-01;9.7;;;;;;;;;;;;;;;;;;;
2200;1.06E+00;8.94;3.39E-01;9.66;3.00E-01;9.7;;;;;;;;;;;;;;;;;;;
2210;1.05E+00;8.95;3.34E-01;9.67;2.95E-01;9.7;;;;;;;;;;;;;;;;;;;
2220;1.04E+00;8.96;3.28E-01;9.67;2.91E-01;9.71;;;;;;;;;;;;;;;;;;;
2230;1.03E+00;8.97;3.23E-01;9.68;2.86E-01;9.71;;;;;;;;;;;;;;;;;;;
2240;1.02E+00;8.98;3.18E-01;9.68;2.82E-01;9.72;;;;;;;;;;;;;;;;;;;
2250;1.01E+00;8.99;3.14E-01;9.69;2.77E-01;9.72;;;;;;;;;;;;;;;;;;;
2260;1.00E+00;9;3.09E-01;9.69;2.73E-01;9.73;;;;;;;;;;;;;;;;;;;
2270;9.90E-01;9.01;3.04E-01;9.7;2.68E-01;9.73;;;;;;;;;;;;;;;;;;;
2280;9.80E-01;9.02;2.99E-01;9.7;2.64E-01;9.74;;;;;;;;;;;;;;;;;;;
2290;9.70E-01;9.03;2.95E-01;9.71;2.60E-01;9.74;;;;;;;;;;;;;;;;;;;
2300;9.61E-01;9.04;2.90E-01;9.71;2.56E-01;9.74;;;;;;;;;;;;;;;;;;;
2310;9.51E-01;9.05;2.86E-01;9.71;2.52E-01;9.75;;;;;;;;;;;;;;;;;;;
2320;9.41E-01;9.06;2.82E-01;9.72;2.48E-01;9.75;;;;;;;;;;;;;;;;;;;
2330;9.32E-01;9.07;2.77E-01;9.72;2.44E-01;9.76;;;;;;;;;;;;;;;;;;;
2340;9.22E-01;9.08;2.73E-01;9.73;2.40E-01;9.76;;;;;;;;;;;;;;;;;;;
2350;9.13E-01;9.09;2.69E-01;9.73;2.36E-01;9.76;;;;;;;;;;;;;;;;;;;
2360;9.04E-01;9.1;2.65E-01;9.74;2.33E-01;9.77;;;;;;;;;;;;;;;;;;;
2370;8.94E-01;9.11;2.61E-01;9.74;2.29E-01;9.77;;;;;;;;;;;;;;;;;;;
2380;8.85E-01;9.11;2.57E-01;9.74;2.25E-01;9.77;;;;;;;;;;;;;;;;;;;
2390;8.76E-01;9.12;2.53E-01;9.75;2.22E-01;9.78;;;;;;;;;;;;;;;;;;;
2400;8.67E-01;9.13;2.49E-01;9.75;2.18E-01;9.78;;;;;;;;;;;;;;;;;;;
2410;8.59E-01;9.14;2.45E-01;9.75;2.15E-01;9.79;;;;;;;;;;;;;;;;;;;
2420;8.50E-01;9.15;2.41E-01;9.76;2.11E-01;9.79;;;;;;;;;;;;;;;;;;;
2430;8.41E-01;9.16;2.38E-01;9.76;2.08E-01;9.79;;;;;;;;;;;;;;;;;;;
2440;8.33E-01;9.17;2.34E-01;9.77;2.05E-01;9.8;;;;;;;;;;;;;;;;;;;
2450;8.24E-01;9.18;2.31E-01;9.77;2.01E-01;9.8;;;;;;;;;;;;;;;;;;;
2460;8.16E-01;9.18;2.27E-01;9.77;1.98E-01;9.8;;;;;;;;;;;;;;;;;;;
2470;8.08E-01;9.19;2.24E-01;9.78;1.95E-01;9.8;;;;;;;;;;;;;;;;;;;
2480;8.00E-01;9.2;2.20E-01;9.78;1.92E-01;9.81;;;;;;;;;;;;;;;;;;;
2490;7.92E-01;9.21;2.17E-01;9.78;1.89E-01;9.81;;;;;;;;;;;;;;;;;;;
2500;7.83E-01;9.22;2.13E-01;9.79;1.86E-01;9.81;;;;;;;;;;;;;;;;;;;
2510;7.76E-01;9.22;2.10E-01;9.79;1.83E-01;9.82;;;;;;;;;;;;;;;;;;;
2520;7.68E-01;9.23;2.07E-01;9.79;1.80E-01;9.82;;;;;;;;;;;;;;;;;;;
2530;7.60E-01;9.24;2.04E-01;9.8;1.77E-01;9.82;;;;;;;;;;;;;;;;;;;
2540;7.52E-01;9.25;2.01E-01;9.8;1.75E-01;9.83;;;;;;;;;;;;;;;;;;;
2550;7.45E-01;9.26;1.98E-01;9.8;1.72E-01;9.83;;;;;;;;;;;;;;;;;;;
2560;7.37E-01;9.26;1.95E-01;9.81;1.69E-01;9.83;;;;;;;;;;;;;;;;;;;
2570;7.30E-01;9.27;1.92E-01;9.81;1.66E-01;9.83;;;;;;;;;;;;;;;;;;;
2580;7.22E-01;9.28;1.89E-01;9.81;1.64E-01;9.84;;;;;;;;;;;;;;;;;;;
2590;7.15E-01;9.29;1.86E-01;9.81;1.61E-01;9.84;;;;;;;;;;;;;;;;;;;
2600;7.08E-01;9.29;1.83E-01;9.82;1.59E-01;9.84;;;;;;;;;;;;;;;;;;;
2610;7.00E-01;9.3;1.80E-01;9.82;1.56E-01;9.84;;;;;;;;;;;;;;;;;;;
2620;6.93E-01;9.31;1.77E-01;9.82;1.54E-01;9.85;;;;;;;;;;;;;;;;;;;
2630;6.86E-01;9.31;1.75E-01;9.83;1.51E-01;9.85;;;;;;;;;;;;;;;;;;;
2640;6.79E-01;9.32;1.72E-01;9.83;1.49E-01;9.85;;;;;;;;;;;;;;;;;;;
2650;6.72E-01;9.33;1.69E-01;9.83;1.46E-01;9.85;;;;;;;;;;;;;;;;;;;
2660;6.66E-01;9.33;1.67E-01;9.83;1.44E-01;9.86;;;;;;;;;;;;;;;;;;;
2670;6.59E-01;9.34;1.64E-01;9.84;1.42E-01;9.86;;;;;;;;;;;;;;;;;;;
2680;6.52E-01;9.35;1.62E-01;9.84;1.40E-01;9.86;;;;;;;;;;;;;;;;;;;
2690;6.46E-01;9.35;1.59E-01;9.84;1.37E-01;9.86;;;;;;;;;;;;;;;;;;;
2700;6.39E-01;9.36;1.57E-01;9.84;1.35E-01;9.86;;;;;;;;;;;;;;;;;;;
2710;6.33E-01;9.37;1.55E-01;9.85;1.33E-01;9.87;;;;;;;;;;;;;;;;;;;
2720;6.26E-01;9.37;1.52E-01;9.85;1.31E-01;9.87;;;;;;;;;;;;;;;;;;;
2730;6.20E-01;9.38;1.50E-01;9.85;1.29E-01;9.87;;;;;;;;;;;;;;;;;;;
2740;6.14E-01;9.39;1.48E-01;9.85;1.27E-01;9.87;;;;;;;;;;;;;;;;;;;
2750;6.07E-01;9.39;1.45E-01;9.85;1.25E-01;9.88;;;;;;;;;;;;;;;;;;;
2760;6.01E-01;9.4;1.43E-01;9.86;1.23E-01;9.88;;;;;;;;;;;;;;;;;;;
2770;5.95E-01;9.4;1.41E-01;9.86;1.21E-01;9.88;;;;;;;;;;;;;;;;;;;
2780;5.89E-01;9.41;1.39E-01;9.86;1.19E-01;9.88;;;;;;;;;;;;;;;;;;;
2790;5.83E-01;9.42;1.37E-01;9.86;1.17E-01;9.88;;;;;;;;;;;;;;;;;;;
2800;5.77E-01;9.42;1.35E-01;9.87;1.15E-01;9.88;;;;;;;;;;;;;;;;;;;
2810;5.71E-01;9.43;1.32E-01;9.87;1.14E-01;9.89;;;;;;;;;;;;;;;;;;;
2820;5.66E-01;9.43;1.30E-01;9.87;1.12E-01;9.89;;;;;;;;;;;;;;;;;;;
2830;5.60E-01;9.44;1.28E-01;9.87;1.10E-01;9.89;;;;;;;;;;;;;;;;;;;
2840;5.54E-01;9.45;1.27E-01;9.87;1.08E-01;9.89;;;;;;;;;;;;;;;;;;;
2850;5.49E-01;9.45;1.25E-01;9.88;1.07E-01;9.89;;;;;;;;;;;;;;;;;;;
2860;5.43E-01;9.46;1.23E-01;9.88;1.05E-01;9.9;;;;;;;;;;;;;;;;;;;
2870;5.37E-01;9.46;1.21E-01;9.88;1.03E-01;9.9;;;;;;;;;;;;;;;;;;;
2880;5.32E-01;9.47;1.19E-01;9.88;1.02E-01;9.9;;;;;;;;;;;;;;;;;;;
2890;5.27E-01;9.47;1.17E-01;9.88;9.99E-02;9.9;;;;;;;;;;;;;;;;;;;
2900;5.21E-01;9.48;1.15E-01;9.88;9.83E-02;9.9;;;;;;;;;;;;;;;;;;;
2910;5.16E-01;9.48;1.14E-01;9.89;9.68E-02;9.9;;;;;;;;;;;;;;;;;;;
2920;5.11E-01;9.49;1.12E-01;9.89;9.52E-02;9.9;;;;;;;;;;;;;;;;;;;
2930;5.06E-01;9.49;1.10E-01;9.89;9.37E-02;9.91;;;;;;;;;;;;;;;;;;;
2940;5.00E-01;9.5;1.08E-01;9.89;9.22E-02;9.91;;;;;;;;;;;;;;;;;;;
2950;4.95E-01;9.5;1.07E-01;9.89;9.08E-02;9.91;;;;;;;;;;;;;;;;;;;
2960;4.90E-01;9.51;1.05E-01;9.89;8.94E-02;9.91;;;;;;;;;;;;;;;;;;;
2970;4.85E-01;9.51;1.04E-01;9.9;8.79E-02;9.91;;;;;;;;;;;;;;;;;;;
2980;4.80E-01;9.52;1.02E-01;9.9;8.66E-02;9.91;;;;;;;;;;;;;;;;;;;
2990;4.76E-01;9.52;1.00E-01;9.9;8.52E-02;9.91;;;;;;;;;;;;;;;;;;;
3000;4.71E-01;9.53;9.89E-02;9.9;8.38E-02;9.92;;;;;;;;;;;;;;;;;;;
3010;4.66E-01;9.53;9.74E-02;9.9;8.25E-02;9.92;;;;;;;;;;;;;;;;;;;
3020;4.61E-01;9.54;9.59E-02;9.9;8.12E-02;9.92;;;;;;;;;;;;;;;;;;;
3030;4.57E-01;9.54;9.44E-02;9.91;7.99E-02;9.92;;;;;;;;;;;;;;;;;;;
3040;4.52E-01;9.55;9.30E-02;9.91;7.87E-02;9.92;;;;;;;;;;;;;;;;;;;
3050;4.47E-01;9.55;9.16E-02;9.91;7.74E-02;9.92;;;;;;;;;;;;;;;;;;;
3060;4.43E-01;9.56;9.02E-02;9.91;7.62E-02;9.92;;;;;;;;;;;;;;;;;;;
3070;4.38E-01;9.56;8.88E-02;9.91;7.50E-02;9.93;;;;;;;;;;;;;;;;;;;
3080;4.34E-01;9.57;8.74E-02;9.91;7.38E-02;9.93;;;;;;;;;;;;;;;;;;;
3090;4.30E-01;9.57;8.61E-02;9.91;7.26E-02;9.93;;;;;;;;;;;;;;;;;;;
3100;4.25E-01;9.57;8.48E-02;9.92;7.15E-02;9.93;;;;;;;;;;;;;;;;;;;
3110;4.21E-01;9.58;8.35E-02;9.92;7.04E-02;9.93;;;;;;;;;;;;;;;;;;;
3120;4.17E-01;9.58;8.22E-02;9.92;6.92E-02;9.93;;;;;;;;;;;;;;;;;;;
3130;4.12E-01;9.59;8.10E-02;9.92;6.81E-02;9.93;;;;;;;;;;;;;;;;;;;
3140;4.08E-01;9.59;7.97E-02;9.92;6.71E-02;9.93;;;;;;;;;;;;;;;;;;;
3150;4.04E-01;9.6;7.85E-02;9.92;6.60E-02;9.93;;;;;;;;;;;;;;;;;;;
3160;4.00E-01;9.6;7.73E-02;9.92;6.50E-02;9.94;;;;;;;;;;;;;;;;;;;
3170;3.96E-01;9.6;7.61E-02;9.92;6.39E-02;9.94;;;;;;;;;;;;;;;;;;;
3180;3.92E-01;9.61;7.50E-02;9.93;6.29E-02;9.94;;;;;;;;;;;;;;;;;;;
3190;3.88E-01;9.61;7.38E-02;9.93;6.19E-02;9.94;;;;;;;;;;;;;;;;;;;
3200;3.84E-01;9.62;7.27E-02;9.93;6.10E-02;9.94;;;;;;;;;;;;;;;;;;;
3210;3.80E-01;9.62;7.16E-02;9.93;6.00E-02;9.94;;;;;;;;;;;;;;;;;;;
3220;3.76E-01;9.62;7.05E-02;9.93;5.90E-02;9.94;;;;;;;;;;;;;;;;;;;
3230;3.72E-01;9.63;6.94E-02;9.93;5.81E-02;9.94;;;;;;;;;;;;;;;;;;;
3240;3.69E-01;9.63;6.84E-02;9.93;5.72E-02;9.94;;;;;;;;;;;;;;;;;;;
3250;3.65E-01;9.64;6.73E-02;9.93;5.63E-02;9.94;;;;;;;;;;;;;;;;;;;
3260;3.61E-01;9.64;6.63E-02;9.93;5.54E-02;9.94;;;;;;;;;;;;;;;;;;;
3270;3.58E-01;9.64;6.53E-02;9.93;5.45E-02;9.95;;;;;;;;;;;;;;;;;;;
3280;3.54E-01;9.65;6.43E-02;9.94;5.37E-02;9.95;;;;;;;;;;;;;;;;;;;
3290;3.50E-01;9.65;6.33E-02;9.94;5.28E-02;9.95;;;;;;;;;;;;;;;;;;;
3300;3.47E-01;9.65;6.23E-02;9.94;5.20E-02;9.95;;;;;;;;;;;;;;;;;;;
3310;3.43E-01;9.66;6.14E-02;9.94;5.12E-02;9.95;;;;;;;;;;;;;;;;;;;
3320;3.40E-01;9.66;6.04E-02;9.94;5.03E-02;9.95;;;;;;;;;;;;;;;;;;;
3330;3.36E-01;9.66;5.95E-02;9.94;4.95E-02;9.95;;;;;;;;;;;;;;;;;;;
3340;3.33E-01;9.67;5.86E-02;9.94;4.88E-02;9.95;;;;;;;;;;;;;;;;;;;
3350;3.30E-01;9.67;5.77E-02;9.94;4.80E-02;9.95;;;;;;;;;;;;;;;;;;;
3360;3.26E-01;9.67;5.68E-02;9.94;4.72E-02;9.95;;;;;;;;;;;;;;;;;;;
3370;3.23E-01;9.68;5.60E-02;9.94;4.65E-02;9.95;;;;;;;;;;;;;;;;;;;
3380;3.20E-01;9.68;5.51E-02;9.94;4.58E-02;9.95;;;;;;;;;;;;;;;;;;;
3390;3.16E-01;9.68;5.43E-02;9.95;4.50E-02;9.95;;;;;;;;;;;;;;;;;;;
3400;3.13E-01;9.69;5.34E-02;9.95;4.43E-02;9.96;;;;;;;;;;;;;;;;;;;
3410;3.10E-01;9.69;5.26E-02;9.95;4.36E-02;9.96;;;;;;;;;;;;;;;;;;;
3420;3.07E-01;9.69;5.18E-02;9.95;4.29E-02;9.96;;;;;;;;;;;;;;;;;;;
3430;3.04E-01;9.7;5.10E-02;9.95;4.22E-02;9.96;;;;;;;;;;;;;;;;;;;
3440;3.01E-01;9.7;5.03E-02;9.95;4.16E-02;9.96;;;;;;;;;;;;;;;;;;;
3450;2.98E-01;9.7;4.95E-02;9.95;4.09E-02;9.96;;;;;;;;;;;;;;;;;;;
3460;2.95E-01;9.71;4.87E-02;9.95;4.03E-02;9.96;;;;;;;;;;;;;;;;;;;
3470;2.92E-01;9.71;4.80E-02;9.95;3.96E-02;9.96;;;;;;;;;;;;;;;;;;;
3480;2.89E-01;9.71;4.73E-02;9.95;3.90E-02;9.96;;;;;;;;;;;;;;;;;;;
3490;2.86E-01;9.71;4.65E-02;9.95;3.84E-02;9.96;;;;;;;;;;;;;;;;;;;
3500;2.83E-01;9.72;4.58E-02;9.95;3.78E-02;9.96;;;;;;;;;;;;;;;;;;;
3510;2.80E-01;9.72;4.51E-02;9.95;3.72E-02;9.96;;;;;;;;;;;;;;;;;;;
3520;2.77E-01;9.72;4.44E-02;9.96;3.66E-02;9.96;;;;;;;;;;;;;;;;;;;
3530;2.74E-01;9.73;4.38E-02;9.96;3.60E-02;9.96;;;;;;;;;;;;;;;;;;;
3540;2.72E-01;9.73;4.31E-02;9.96;3.55E-02;9.96;;;;;;;;;;;;;;;;;;;
3550;2.69E-01;9.73;4.24E-02;9.96;3.49E-02;9.97;;;;;;;;;;;;;;;;;;;
3560;2.66E-01;9.73;4.18E-02;9.96;3.43E-02;9.97;;;;;;;;;;;;;;;;;;;
3570;2.63E-01;9.74;4.11E-02;9.96;3.38E-02;9.97;;;;;;;;;;;;;;;;;;;
3580;2.61E-01;9.74;4.05E-02;9.96;3.33E-02;9.97;;;;;;;;;;;;;;;;;;;
3590;2.58E-01;9.74;3.99E-02;9.96;3.27E-02;9.97;;;;;;;;;;;;;;;;;;;
3600;2.56E-01;9.74;3.93E-02;9.96;3.22E-02;9.97;;;;;;;;;;;;;;;;;;;
3610;2.53E-01;9.75;3.87E-02;9.96;3.17E-02;9.97;;;;;;;;;;;;;;;;;;;
3620;2.50E-01;9.75;3.81E-02;9.96;3.12E-02;9.97;;;;;;;;;;;;;;;;;;;
3630;2.48E-01;9.75;3.75E-02;9.96;3.07E-02;9.97;;;;;;;;;;;;;;;;;;;
3640;2.45E-01;9.75;3.69E-02;9.96;3.02E-02;9.97;;;;;;;;;;;;;;;;;;;
3650;2.43E-01;9.76;3.64E-02;9.96;2.98E-02;9.97;;;;;;;;;;;;;;;;;;;
3660;2.40E-01;9.76;3.58E-02;9.96;2.93E-02;9.97;;;;;;;;;;;;;;;;;;;
3670;2.38E-01;9.76;3.53E-02;9.96;2.88E-02;9.97;;;;;;;;;;;;;;;;;;;
3680;2.36E-01;9.76;3.47E-02;9.97;2.84E-02;9.97;;;;;;;;;;;;;;;;;;;
3690;2.33E-01;9.77;3.42E-02;9.97;2.79E-02;9.97;;;;;;;;;;;;;;;;;;;
3700;2.31E-01;9.77;3.37E-02;9.97;2.75E-02;9.97;;;;;;;;;;;;;;;;;;;
3710;2.28E-01;9.77;3.32E-02;9.97;2.70E-02;9.97;;;;;;;;;;;;;;;;;;;
3720;2.26E-01;9.77;3.27E-02;9.97;2.66E-02;9.97;;;;;;;;;;;;;;;;;;;
3730;2.24E-01;9.78;3.22E-02;9.97;2.62E-02;9.97;;;;;;;;;;;;;;;;;;;
3740;2.22E-01;9.78;3.17E-02;9.97;2.58E-02;9.97;;;;;;;;;;;;;;;;;;;
3750;2.19E-01;9.78;3.12E-02;9.97;2.54E-02;9.97;;;;;;;;;;;;;;;;;;;
3760;2.17E-01;9.78;3.07E-02;9.97;2.50E-02;9.98;;;;;;;;;;;;;;;;;;;
3770;2.15E-01;9.79;3.02E-02;9.97;2.46E-02;9.98;;;;;;;;;;;;;;;;;;;
3780;2.13E-01;9.79;2.98E-02;9.97;2.42E-02;9.98;;;;;;;;;;;;;;;;;;;
3790;2.11E-01;9.79;2.93E-02;9.97;2.38E-02;9.98;;;;;;;;;;;;;;;;;;;
3800;2.08E-01;9.79;2.89E-02;9.97;2.34E-02;9.98;;;;;;;;;;;;;;;;;;;
3810;2.06E-01;9.79;2.84E-02;9.97;2.31E-02;9.98;;;;;;;;;;;;;;;;;;;
3820;2.04E-01;9.8;2.80E-02;9.97;2.27E-02;9.98;;;;;;;;;;;;;;;;;;;
3830;2.02E-01;9.8;2.76E-02;9.97;2.23E-02;9.98;;;;;;;;;;;;;;;;;;;
3840;2.00E-01;9.8;2.72E-02;9.97;2.20E-02;9.98;;;;;;;;;;;;;;;;;;;
3850;1.98E-01;9.8;2.67E-02;9.97;2.16E-02;9.98;;;;;;;;;;;;;;;;;;;
3860;1.96E-01;9.8;2.63E-02;9.97;2.13E-02;9.98;;;;;;;;;;;;;;;;;;;
3870;1.94E-01;9.81;2.59E-02;9.97;2.10E-02;9.98;;;;;;;;;;;;;;;;;;;
3880;1.92E-01;9.81;2.55E-02;9.97;2.06E-02;9.98;;;;;;;;;;;;;;;;;;;
3890;1.90E-01;9.81;2.51E-02;9.97;2.03E-02;9.98;;;;;;;;;;;;;;;;;;;
3900;1.88E-01;9.81;2.48E-02;9.98;2.00E-02;9.98;;;;;;;;;;;;;;;;;;;
3910;1.86E-01;9.81;2.44E-02;9.98;1.97E-02;9.98;;;;;;;;;;;;;;;;;;;
3920;1.84E-01;9.82;2.40E-02;9.98;1.94E-02;9.98;;;;;;;;;;;;;;;;;;;
3930;1.83E-01;9.82;2.36E-02;9.98;1.90E-02;9.98;;;;;;;;;;;;;;;;;;;
3940;1.81E-01;9.82;2.33E-02;9.98;1.87E-02;9.98;;;;;;;;;;;;;;;;;;;
3950;1.79E-01;9.82;2.29E-02;9.98;1.84E-02;9.98;;;;;;;;;;;;;;;;;;;
3960;1.77E-01;9.82;2.26E-02;9.98;1.82E-02;9.98;;;;;;;;;;;;;;;;;;;
3970;1.75E-01;9.82;2.22E-02;9.98;1.79E-02;9.98;;;;;;;;;;;;;;;;;;;
3980;1.73E-01;9.83;2.19E-02;9.98;1.76E-02;9.98;;;;;;;;;;;;;;;;;;;
3990;1.72E-01;9.83;2.16E-02;9.98;1.73E-02;9.98;;;;;;;;;;;;;;;;;;;
4000;1.70E-01;9.83;2.12E-02;9.98;1.70E-02;9.98;;;;;;;;;;;;;;;;;;;
4010;1.68E-01;9.83;2.09E-02;9.98;1.68E-02;9.98;;;;;;;;;;;;;;;;;;;
4020;1.67E-01;9.83;2.06E-02;9.98;1.65E-02;9.98;;;;;;;;;;;;;;;;;;;
4030;1.65E-01;9.84;2.03E-02;9.98;1.62E-02;9.98;;;;;;;;;;;;;;;;;;;
4040;1.63E-01;9.84;2.00E-02;9.98;1.60E-02;9.98;;;;;;;;;;;;;;;;;;;
4050;1.62E-01;9.84;1.97E-02;9.98;1.57E-02;9.98;;;;;;;;;;;;;;;;;;;
4060;1.60E-01;9.84;1.94E-02;9.98;1.55E-02;9.98;;;;;;;;;;;;;;;;;;;
4070;1.58E-01;9.84;1.91E-02;9.98;1.52E-02;9.98;;;;;;;;;;;;;;;;;;;
4080;1.57E-01;9.84;1.88E-02;9.98;1.50E-02;9.99;;;;;;;;;;;;;;;;;;;
4090;1.55E-01;9.84;1.85E-02;9.98;1.48E-02;9.99;;;;;;;;;;;;;;;;;;;
4100;1.54E-01;9.85;1.82E-02;9.98;1.45E-02;9.99;;;;;;;;;;;;;;;;;;;
4110;1.52E-01;9.85;1.79E-02;9.98;1.43E-02;9.99;;;;;;;;;;;;;;;;;;;
4120;1.50E-01;9.85;1.76E-02;9.98;1.41E-02;9.99;;;;;;;;;;;;;;;;;;;
4130;1.49E-01;9.85;1.74E-02;9.98;1.38E-02;9.99;;;;;;;;;;;;;;;;;;;
4140;1.47E-01;9.85;1.71E-02;9.98;1.36E-02;9.99;;;;;;;;;;;;;;;;;;;
4150;1.46E-01;9.85;1.69E-02;9.98;1.34E-02;9.99;;;;;;;;;;;;;;;;;;;
4160;1.44E-01;9.86;1.66E-02;9.98;1.32E-02;9.99;;;;;;;;;;;;;;;;;;;
4170;1.43E-01;9.86;1.63E-02;9.98;1.30E-02;9.99;;;;;;;;;;;;;;;;;;;
4180;1.42E-01;9.86;1.61E-02;9.98;1.28E-02;9.99;;;;;;;;;;;;;;;;;;;
4190;1.40E-01;9.86;1.58E-02;9.98;1.26E-02;9.99;;;;;;;;;;;;;;;;;;;
4200;1.39E-01;9.86;1.56E-02;9.98;1.24E-02;9.99;;;;;;;;;;;;;;;;;;;
4210;1.37E-01;9.86;1.54E-02;9.98;1.22E-02;9.99;;;;;;;;;;;;;;;;;;;
4220;1.36E-01;9.86;1.51E-02;9.98;1.20E-02;9.99;;;;;;;;;;;;;;;;;;;
4230;1.34E-01;9.87;1.49E-02;9.99;1.18E-02;9.99;;;;;;;;;;;;;;;;;;;
4240;1.33E-01;9.87;1.47E-02;9.99;1.16E-02;9.99;;;;;;;;;;;;;;;;;;;
4250;1.32E-01;9.87;1.44E-02;9.99;1.14E-02;9.99;;;;;;;;;;;;;;;;;;;
4260;1.30E-01;9.87;1.42E-02;9.99;1.13E-02;9.99;;;;;;;;;;;;;;;;;;;
4270;1.29E-01;9.87;1.40E-02;9.99;1.11E-02;9.99;;;;;;;;;;;;;;;;;;;
4280;1.28E-01;9.87;1.38E-02;9.99;1.09E-02;9.99;;;;;;;;;;;;;;;;;;;
4290;1.27E-01;9.87;1.36E-02;9.99;1.07E-02;9.99;;;;;;;;;;;;;;;;;;;
4300;1.25E-01;9.87;1.34E-02;9.99;1.06E-02;9.99;;;;;;;;;;;;;;;;;;;
4310;1.24E-01;9.88;1.32E-02;9.99;1.04E-02;9.99;;;;;;;;;;;;;;;;;;;
4320;1.23E-01;9.88;1.30E-02;9.99;1.02E-02;9.99;;;;;;;;;;;;;;;;;;;
4330;1.21E-01;9.88;1.28E-02;9.99;1.01E-02;9.99;;;;;;;;;;;;;;;;;;;
4340;1.20E-01;9.88;1.26E-02;9.99;9.91E-03;9.99;;;;;;;;;;;;;;;;;;;
4350;1.19E-01;9.88;1.24E-02;9.99;9.75E-03;9.99;;;;;;;;;;;;;;;;;;;
4360;1.18E-01;9.88;1.22E-02;9.99;9.59E-03;9.99;;;;;;;;;;;;;;;;;;;
4370;1.17E-01;9.88;1.20E-02;9.99;9.44E-03;9.99;;;;;;;;;;;;;;;;;;;
4380;1.15E-01;9.88;1.18E-02;9.99;9.29E-03;9.99;;;;;;;;;;;;;;;;;;;
4390;1.14E-01;9.89;1.16E-02;9.99;9.15E-03;9.99;;;;;;;;;;;;;;;;;;;
4400;1.13E-01;9.89;1.15E-02;9.99;9.00E-03;9.99;;;;;;;;;;;;;;;;;;;
4410;1.12E-01;9.89;1.13E-02;9.99;8.86E-03;9.99;;;;;;;;;;;;;;;;;;;
4420;1.11E-01;9.89;1.11E-02;9.99;8.72E-03;9.99;;;;;;;;;;;;;;;;;;;
4430;1.10E-01;9.89;1.10E-02;9.99;8.58E-03;9.99;;;;;;;;;;;;;;;;;;;
4440;1.09E-01;9.89;1.08E-02;9.99;8.45E-03;9.99;;;;;;;;;;;;;;;;;;;
4450;1.07E-01;9.89;1.06E-02;9.99;8.31E-03;9.99;;;;;;;;;;;;;;;;;;;
4460;1.06E-01;9.89;1.05E-02;9.99;8.18E-03;9.99;;;;;;;;;;;;;;;;;;;
4470;1.05E-01;9.89;1.03E-02;9.99;8.05E-03;9.99;;;;;;;;;;;;;;;;;;;
4480;1.04E-01;9.9;1.01E-02;9.99;7.92E-03;9.99;;;;;;;;;;;;;;;;;;;
4490;1.03E-01;9.9;9.99E-03;9.99;7.80E-03;9.99;;;;;;;;;;;;;;;;;;;
4500;1.02E-01;9.9;9.84E-03;9.99;7.68E-03;9.99;;;;;;;;;;;;;;;;;;;
4510;1.01E-01;9.9;9.69E-03;9.99;7.55E-03;9.99;;;;;;;;;;;;;;;;;;;
4520;1.00E-01;9.9;9.54E-03;9.99;7.44E-03;9.99;;;;;;;;;;;;;;;;;;;
4530;9.91E-02;9.9;9.39E-03;9.99;7.32E-03;9.99;;;;;;;;;;;;;;;;;;;
4540;9.81E-02;9.9;9.25E-03;9.99;7.20E-03;9.99;;;;;;;;;;;;;;;;;;;
4550;9.71E-02;9.9;9.11E-03;9.99;7.09E-03;9.99;;;;;;;;;;;;;;;;;;;
4560;9.61E-02;9.9;8.97E-03;9.99;6.98E-03;9.99;;;;;;;;;;;;;;;;;;;
4570;9.51E-02;9.9;8.83E-03;9.99;6.87E-03;9.99;;;;;;;;;;;;;;;;;;;
4580;9.42E-02;9.91;8.70E-03;9.99;6.76E-03;9.99;;;;;;;;;;;;;;;;;;;
4590;9.32E-02;9.91;8.56E-03;9.99;6.65E-03;9.99;;;;;;;;;;;;;;;;;;;
4600;9.23E-02;9.91;8.43E-03;9.99;6.55E-03;9.99;;;;;;;;;;;;;;;;;;;
4610;9.13E-02;9.91;8.30E-03;9.99;6.44E-03;9.99;;;;;;;;;;;;;;;;;;;
4620;9.04E-02;9.91;8.18E-03;9.99;6.34E-03;9.99;;;;;;;;;;;;;;;;;;;
4630;8.95E-02;9.91;8.05E-03;9.99;6.24E-03;9.99;;;;;;;;;;;;;;;;;;;
4640;8.86E-02;9.91;7.93E-03;9.99;6.14E-03;9.99;;;;;;;;;;;;;;;;;;;
4650;8.77E-02;9.91;7.81E-03;9.99;6.04E-03;9.99;;;;;;;;;;;;;;;;;;;
4660;8.68E-02;9.91;7.69E-03;9.99;5.95E-03;9.99;;;;;;;;;;;;;;;;;;;
4670;8.59E-02;9.91;7.57E-03;9.99;5.85E-03;9.99;;;;;;;;;;;;;;;;;;;
4680;8.50E-02;9.91;7.46E-03;9.99;5.76E-03;9.99;;;;;;;;;;;;;;;;;;;
4690;8.42E-02;9.92;7.34E-03;9.99;5.67E-03;9.99;;;;;;;;;;;;;;;;;;;
4700;8.33E-02;9.92;7.23E-03;9.99;5.58E-03;9.99;;;;;;;;;;;;;;;;;;;
4710;8.25E-02;9.92;7.12E-03;9.99;5.49E-03;9.99;;;;;;;;;;;;;;;;;;;
4720;8.16E-02;9.92;7.01E-03;9.99;5.41E-03;9.99;;;;;;;;;;;;;;;;;;;
4730;8.08E-02;9.92;6.90E-03;9.99;5.32E-03;9.99;;;;;;;;;;;;;;;;;;;
4740;8.00E-02;9.92;6.80E-03;9.99;5.24E-03;9.99;;;;;;;;;;;;;;;;;;;
4750;7.92E-02;9.92;6.69E-03;9.99;5.15E-03;9.99;;;;;;;;;;;;;;;;;;;
4760;7.84E-02;9.92;6.59E-03;9.99;5.07E-03;9.99;;;;;;;;;;;;;;;;;;;
4770;7.76E-02;9.92;6.49E-03;9.99;4.99E-03;10;;;;;;;;;;;;;;;;;;;
4780;7.68E-02;9.92;6.39E-03;9.99;4.91E-03;10;;;;;;;;;;;;;;;;;;;
4790;7.60E-02;9.92;6.29E-03;9.99;4.84E-03;10;;;;;;;;;;;;;;;;;;;
4800;7.53E-02;9.92;6.20E-03;9.99;4.76E-03;10;;;;;;;;;;;;;;;;;;;
4810;7.45E-02;9.93;6.10E-03;9.99;4.68E-03;10;;;;;;;;;;;;;;;;;;;
4820;7.37E-02;9.93;6.01E-03;9.99;4.61E-03;10;;;;;;;;;;;;;;;;;;;
4830;7.30E-02;9.93;5.92E-03;9.99;4.54E-03;10;;;;;;;;;;;;;;;;;;;
4840;7.23E-02;9.93;5.83E-03;9.99;4.46E-03;10;;;;;;;;;;;;;;;;;;;
4850;7.15E-02;9.93;5.74E-03;9.99;4.39E-03;10;;;;;;;;;;;;;;;;;;;
4860;7.08E-02;9.93;5.65E-03;9.99;4.32E-03;10;;;;;;;;;;;;;;;;;;;
4870;7.01E-02;9.93;5.57E-03;9.99;4.26E-03;10;;;;;;;;;;;;;;;;;;;
4880;6.94E-02;9.93;5.48E-03;9.99;4.19E-03;10;;;;;;;;;;;;;;;;;;;
4890;6.87E-02;9.93;5.40E-03;9.99;4.12E-03;10;;;;;;;;;;;;;;;;;;;
4900;6.80E-02;9.93;5.31E-03;9.99;4.06E-03;10;;;;;;;;;;;;;;;;;;;
4910;6.73E-02;9.93;5.23E-03;9.99;3.99E-03;10;;;;;;;;;;;;;;;;;;;
4920;6.66E-02;9.93;5.15E-03;9.99;3.93E-03;10;;;;;;;;;;;;;;;;;;;
4930;6.59E-02;9.93;5.07E-03;9.99;3.87E-03;10;;;;;;;;;;;;;;;;;;;
4940;6.53E-02;9.93;5.00E-03;10;3.81E-03;10;;;;;;;;;;;;;;;;;;;
4950;6.46E-02;9.94;4.92E-03;10;3.75E-03;10;;;;;;;;;;;;;;;;;;;
4960;6.39E-02;9.94;4.85E-03;10;3.69E-03;10;;;;;;;;;;;;;;;;;;;
4970;6.33E-02;9.94;4.77E-03;10;3.63E-03;10;;;;;;;;;;;;;;;;;;;
4980;6.26E-02;9.94;4.70E-03;10;3.57E-03;10;;;;;;;;;;;;;;;;;;;
4990;6.20E-02;9.94;4.63E-03;10;3.52E-03;10;;;;;;;;;;;;;;;;;;;
5000;6.14E-02;9.94;4.56E-03;10;3.46E-03;10;;;;;;;;;;;;;;;;;;;
5010;6.08E-02;9.94;4.49E-03;10;3.41E-03;10;;;;;;;;;;;;;;;;;;;
5020;6.01E-02;9.94;4.42E-03;10;3.35E-03;10;;;;;;;;;;;;;;;;;;;
5030;5.95E-02;9.94;4.35E-03;10;3.30E-03;10;;;;;;;;;;;;;;;;;;;
5040;5.89E-02;9.94;4.28E-03;10;3.25E-03;10;;;;;;;;;;;;;;;;;;;
5050;5.83E-02;9.94;4.22E-03;10;3.19E-03;10;;;;;;;;;;;;;;;;;;;
5060;5.77E-02;9.94;4.15E-03;10;3.14E-03;10;;;;;;;;;;;;;;;;;;;
5070;5.72E-02;9.94;4.09E-03;10;3.09E-03;10;;;;;;;;;;;;;;;;;;;
5080;5.66E-02;9.94;4.03E-03;10;3.05E-03;10;;;;;;;;;;;;;;;;;;;
5090;5.60E-02;9.94;3.97E-03;10;3.00E-03;10;;;;;;;;;;;;;;;;;;;
5100;5.54E-02;9.94;3.91E-03;10;2.95E-03;10;;;;;;;;;;;;;;;;;;;
5110;5.49E-02;9.95;3.85E-03;10;2.90E-03;10;;;;;;;;;;;;;;;;;;;
5120;5.43E-02;9.95;3.79E-03;10;2.86E-03;10;;;;;;;;;;;;;;;;;;;
5130;5.38E-02;9.95;3.73E-03;10;2.81E-03;10;;;;;;;;;;;;;;;;;;;
5140;5.32E-02;9.95;3.67E-03;10;2.77E-03;10;;;;;;;;;;;;;;;;;;;
5150;5.27E-02;9.95;3.62E-03;10;2.72E-03;10;;;;;;;;;;;;;;;;;;;
5160;5.22E-02;9.95;3.56E-03;10;2.68E-03;10;;;;;;;;;;;;;;;;;;;
5170;5.16E-02;9.95;3.51E-03;10;2.64E-03;10;;;;;;;;;;;;;;;;;;;
5180;5.11E-02;9.95;3.45E-03;10;2.60E-03;10;;;;;;;;;;;;;;;;;;;
5190;5.06E-02;9.95;3.40E-03;10;2.56E-03;10;;;;;;;;;;;;;;;;;;;
5200;5.01E-02;9.95;3.35E-03;10;2.52E-03;10;;;;;;;;;;;;;;;;;;;
5210;4.96E-02;9.95;3.30E-03;10;2.48E-03;10;;;;;;;;;;;;;;;;;;;
5220;4.91E-02;9.95;3.25E-03;10;2.44E-03;10;;;;;;;;;;;;;;;;;;;
5230;4.86E-02;9.95;3.20E-03;10;2.40E-03;10;;;;;;;;;;;;;;;;;;;
5240;4.81E-02;9.95;3.15E-03;10;2.36E-03;10;;;;;;;;;;;;;;;;;;;
5250;4.76E-02;9.95;3.10E-03;10;2.32E-03;10;;;;;;;;;;;;;;;;;;;
5260;4.71E-02;9.95;3.05E-03;10;2.29E-03;10;;;;;;;;;;;;;;;;;;;
5270;4.66E-02;9.95;3.01E-03;10;2.25E-03;10;;;;;;;;;;;;;;;;;;;
5280;4.62E-02;9.95;2.96E-03;10;2.21E-03;10;;;;;;;;;;;;;;;;;;;
5290;4.57E-02;9.95;2.92E-03;10;2.18E-03;10;;;;;;;;;;;;;;;;;;;
5300;4.52E-02;9.95;2.87E-03;10;2.15E-03;10;;;;;;;;;;;;;;;;;;;
5310;4.48E-02;9.96;2.83E-03;10;2.11E-03;10;;;;;;;;;;;;;;;;;;;
5320;4.43E-02;9.96;2.78E-03;10;2.08E-03;10;;;;;;;;;;;;;;;;;;;
5330;4.39E-02;9.96;2.74E-03;10;2.04E-03;10;;;;;;;;;;;;;;;;;;;
5340;4.34E-02;9.96;2.70E-03;10;2.01E-03;10;;;;;;;;;;;;;;;;;;;
5350;4.30E-02;9.96;2.66E-03;10;1.98E-03;10;;;;;;;;;;;;;;;;;;;
5360;4.25E-02;9.96;2.62E-03;10;1.95E-03;10;;;;;;;;;;;;;;;;;;;
5370;4.21E-02;9.96;2.58E-03;10;1.92E-03;10;;;;;;;;;;;;;;;;;;;
5380;4.17E-02;9.96;2.54E-03;10;1.89E-03;10;;;;;;;;;;;;;;;;;;;
5390;4.13E-02;9.96;2.50E-03;10;1.86E-03;10;;;;;;;;;;;;;;;;;;;
5400;4.08E-02;9.96;2.46E-03;10;1.83E-03;10;;;;;;;;;;;;;;;;;;;
5410;4.04E-02;9.96;2.42E-03;10;1.80E-03;10;;;;;;;;;;;;;;;;;;;
5420;4.00E-02;9.96;2.39E-03;10;1.77E-03;10;;;;;;;;;;;;;;;;;;;
5430;3.96E-02;9.96;2.35E-03;10;1.74E-03;10;;;;;;;;;;;;;;;;;;;
5440;3.92E-02;9.96;2.32E-03;10;1.72E-03;10;;;;;;;;;;;;;;;;;;;
5450;3.88E-02;9.96;2.28E-03;10;1.69E-03;10;;;;;;;;;;;;;;;;;;;
5460;3.84E-02;9.96;2.25E-03;10;1.66E-03;10;;;;;;;;;;;;;;;;;;;
5470;3.80E-02;9.96;2.21E-03;10;1.64E-03;10;;;;;;;;;;;;;;;;;;;
5480;3.76E-02;9.96;2.18E-03;10;1.61E-03;10;;;;;;;;;;;;;;;;;;;
5490;3.73E-02;9.96;2.14E-03;10;1.58E-03;10;;;;;;;;;;;;;;;;;;;
5500;3.69E-02;9.96;2.11E-03;10;1.56E-03;10;;;;;;;;;;;;;;;;;;;
5510;3.65E-02;9.96;2.08E-03;10;1.54E-03;10;;;;;;;;;;;;;;;;;;;
5520;3.61E-02;9.96;2.05E-03;10;1.51E-03;10;;;;;;;;;;;;;;;;;;;
5530;3.58E-02;9.96;2.02E-03;10;1.49E-03;10;;;;;;;;;;;;;;;;;;;
5540;3.54E-02;9.96;1.99E-03;10;1.46E-03;10;;;;;;;;;;;;;;;;;;;
5550;3.51E-02;9.96;1.95E-03;10;1.44E-03;10;;;;;;;;;;;;;;;;;;;
5560;3.47E-02;9.97;1.92E-03;10;1.42E-03;10;;;;;;;;;;;;;;;;;;;
5570;3.43E-02;9.97;1.90E-03;10;1.40E-03;10;;;;;;;;;;;;;;;;;;;
5580;3.40E-02;9.97;1.87E-03;10;1.37E-03;10;;;;;;;;;;;;;;;;;;;
5590;3.37E-02;9.97;1.84E-03;10;1.35E-03;10;;;;;;;;;;;;;;;;;;;
5600;3.33E-02;9.97;1.81E-03;10;1.33E-03;10;;;;;;;;;;;;;;;;;;;
5610;3.30E-02;9.97;1.78E-03;10;1.31E-03;10;;;;;;;;;;;;;;;;;;;
5620;3.26E-02;9.97;1.76E-03;10;1.29E-03;10;;;;;;;;;;;;;;;;;;;
5630;3.23E-02;9.97;1.73E-03;10;1.27E-03;10;;;;;;;;;;;;;;;;;;;
5640;3.20E-02;9.97;1.70E-03;10;1.25E-03;10;;;;;;;;;;;;;;;;;;;
5650;3.17E-02;9.97;1.68E-03;10;1.23E-03;10;;;;;;;;;;;;;;;;;;;
5660;3.13E-02;9.97;1.65E-03;10;1.21E-03;10;;;;;;;;;;;;;;;;;;;
5670;3.10E-02;9.97;1.63E-03;10;1.19E-03;10;;;;;;;;;;;;;;;;;;;
5680;3.07E-02;9.97;1.60E-03;10;1.17E-03;10;;;;;;;;;;;;;;;;;;;
5690;3.04E-02;9.97;1.58E-03;10;1.15E-03;10;;;;;;;;;;;;;;;;;;;
5700;3.01E-02;9.97;1.55E-03;10;1.13E-03;10;;;;;;;;;;;;;;;;;;;
5710;2.98E-02;9.97;1.53E-03;10;1.12E-03;10;;;;;;;;;;;;;;;;;;;
5720;2.95E-02;9.97;1.50E-03;10;1.10E-03;10;;;;;;;;;;;;;;;;;;;
5730;2.92E-02;9.97;1.48E-03;10;1.08E-03;10;;;;;;;;;;;;;;;;;;;
5740;2.89E-02;9.97;1.46E-03;10;1.06E-03;10;;;;;;;;;;;;;;;;;;;
5750;2.86E-02;9.97;1.44E-03;10;1.05E-03;10;;;;;;;;;;;;;;;;;;;
5760;2.83E-02;9.97;1.42E-03;10;1.03E-03;10;;;;;;;;;;;;;;;;;;;
5770;2.80E-02;9.97;1.39E-03;10;1.01E-03;10;;;;;;;;;;;;;;;;;;;
5780;2.77E-02;9.97;1.37E-03;10;9.98E-04;10;;;;;;;;;;;;;;;;;;;
5790;2.75E-02;9.97;1.35E-03;10;9.82E-04;10;;;;;;;;;;;;;;;;;;;
5800;2.72E-02;9.97;1.33E-03;10;9.67E-04;10;;;;;;;;;;;;;;;;;;;
5810;2.69E-02;9.97;1.31E-03;10;9.51E-04;10;;;;;;;;;;;;;;;;;;;
5820;2.66E-02;9.97;1.29E-03;10;9.36E-04;10;;;;;;;;;;;;;;;;;;;
5830;2.64E-02;9.97;1.27E-03;10;9.22E-04;10;;;;;;;;;;;;;;;;;;;
5840;2.61E-02;9.97;1.25E-03;10;9.07E-04;10;;;;;;;;;;;;;;;;;;;
5850;2.58E-02;9.97;1.23E-03;10;8.93E-04;10;;;;;;;;;;;;;;;;;;;
5860;2.56E-02;9.97;1.21E-03;10;8.78E-04;10;;;;;;;;;;;;;;;;;;;
5870;2.53E-02;9.97;1.19E-03;10;8.65E-04;10;;;;;;;;;;;;;;;;;;;
5880;2.50E-02;9.97;1.18E-03;10;8.51E-04;10;;;;;;;;;;;;;;;;;;;
5890;2.48E-02;9.98;1.16E-03;10;8.37E-04;10;;;;;;;;;;;;;;;;;;;
5900;2.45E-02;9.98;1.14E-03;10;8.24E-04;10;;;;;;;;;;;;;;;;;;;
5910;2.43E-02;9.98;1.12E-03;10;8.11E-04;10;;;;;;;;;;;;;;;;;;;
5920;2.40E-02;9.98;1.11E-03;10;7.98E-04;10;;;;;;;;;;;;;;;;;;;
5930;2.38E-02;9.98;1.09E-03;10;7.86E-04;10;;;;;;;;;;;;;;;;;;;
5940;2.36E-02;9.98;1.07E-03;10;7.73E-04;10;;;;;;;;;;;;;;;;;;;
5950;2.33E-02;9.98;1.06E-03;10;7.61E-04;10;;;;;;;;;;;;;;;;;;;
5960;2.31E-02;9.98;1.04E-03;10;7.49E-04;10;;;;;;;;;;;;;;;;;;;
5970;2.29E-02;9.98;1.02E-03;10;7.37E-04;10;;;;;;;;;;;;;;;;;;;
5980;2.26E-02;9.98;1.01E-03;10;7.26E-04;10;;;;;;;;;;;;;;;;;;;
5990;2.24E-02;9.98;9.93E-04;10;7.14E-04;10;;;;;;;;;;;;;;;;;;;
6000;2.22E-02;9.98;9.78E-04;10;7.03E-04;10;;;;;;;;;;;;;;;;;;;
6010;2.19E-02;9.98;9.63E-04;10;6.92E-04;10;;;;;;;;;;;;;;;;;;;
6020;2.17E-02;9.98;9.48E-04;10;6.81E-04;10;;;;;;;;;;;;;;;;;;;
6030;2.15E-02;9.98;9.34E-04;10;6.70E-04;10;;;;;;;;;;;;;;;;;;;
6040;2.13E-02;9.98;9.20E-04;10;6.59E-04;10;;;;;;;;;;;;;;;;;;;
6050;2.11E-02;9.98;9.06E-04;10;6.49E-04;10;;;;;;;;;;;;;;;;;;;
6060;2.09E-02;9.98;8.92E-04;10;6.39E-04;10;;;;;;;;;;;;;;;;;;;
6070;2.06E-02;9.98;8.78E-04;10;6.29E-04;10;;;;;;;;;;;;;;;;;;;
6080;2.04E-02;9.98;8.65E-04;10;6.19E-04;10;;;;;;;;;;;;;;;;;;;
6090;2.02E-02;9.98;8.52E-04;10;6.09E-04;10;;;;;;;;;;;;;;;;;;;
6100;2.00E-02;9.98;8.39E-04;10;5.99E-04;10;;;;;;;;;;;;;;;;;;;
6110;1.98E-02;9.98;8.26E-04;10;5.90E-04;10;;;;;;;;;;;;;;;;;;;
6120;1.96E-02;9.98;8.13E-04;10;5.80E-04;10;;;;;;;;;;;;;;;;;;;
6130;1.94E-02;9.98;8.01E-04;10;5.71E-04;10;;;;;;;;;;;;;;;;;;;
6140;1.92E-02;9.98;7.89E-04;10;5.62E-04;10;;;;;;;;;;;;;;;;;;;
6150;1.90E-02;9.98;7.77E-04;10;5.53E-04;10;;;;;;;;;;;;;;;;;;;
6160;1.88E-02;9.98;7.65E-04;10;5.45E-04;10;;;;;;;;;;;;;;;;;;;
6170;1.86E-02;9.98;7.53E-04;10;5.36E-04;10;;;;;;;;;;;;;;;;;;;
6180;1.85E-02;9.98;7.41E-04;10;5.28E-04;10;;;;;;;;;;;;;;;;;;;
6190;1.83E-02;9.98;7.30E-04;10;5.19E-04;10;;;;;;;;;;;;;;;;;;;
6200;1.81E-02;9.98;7.19E-04;10;5.11E-04;10;;;;;;;;;;;;;;;;;;;
6210;1.79E-02;9.98;7.08E-04;10;5.03E-04;10;;;;;;;;;;;;;;;;;;;
6220;1.77E-02;9.98;6.97E-04;10;4.95E-04;10;;;;;;;;;;;;;;;;;;;
6230;1.75E-02;9.98;6.87E-04;10;4.87E-04;10;;;;;;;;;;;;;;;;;;;
6240;1.74E-02;9.98;6.76E-04;10;4.79E-04;10;;;;;;;;;;;;;;;;;;;
6250;1.72E-02;9.98;6.66E-04;10;4.72E-04;10;;;;;;;;;;;;;;;;;;;
6260;1.70E-02;9.98;6.56E-04;10;4.64E-04;10;;;;;;;;;;;;;;;;;;;
6270;1.68E-02;9.98;6.46E-04;10;4.57E-04;10;;;;;;;;;;;;;;;;;;;
6280;1.67E-02;9.98;6.36E-04;10;4.50E-04;10;;;;;;;;;;;;;;;;;;;
6290;1.65E-02;9.98;6.26E-04;10;4.43E-04;10;;;;;;;;;;;;;;;;;;;
6300;1.63E-02;9.98;6.16E-04;10;4.36E-04;10;;;;;;;;;;;;;;;;;;;
6310;1.62E-02;9.98;6.07E-04;10;4.29E-04;10;;;;;;;;;;;;;;;;;;;
6320;1.60E-02;9.98;5.98E-04;10;4.22E-04;10;;;;;;;;;;;;;;;;;;;
6330;1.58E-02;9.98;5.89E-04;10;4.15E-04;10;;;;;;;;;;;;;;;;;;;
6340;1.57E-02;9.98;5.80E-04;10;4.09E-04;10;;;;;;;;;;;;;;;;;;;
6350;1.55E-02;9.98;5.71E-04;10;4.02E-04;10;;;;;;;;;;;;;;;;;;;
6360;1.54E-02;9.98;5.62E-04;10;3.96E-04;10;;;;;;;;;;;;;;;;;;;
6370;1.52E-02;9.98;5.54E-04;10;3.90E-04;10;;;;;;;;;;;;;;;;;;;
6380;1.51E-02;9.98;5.45E-04;10;3.84E-04;10;;;;;;;;;;;;;;;;;;;
6390;1.49E-02;9.99;5.37E-04;10;3.77E-04;10;;;;;;;;;;;;;;;;;;;
6400;1.47E-02;9.99;5.29E-04;10;3.72E-04;10;;;;;;;;;;;;;;;;;;;
6410;1.46E-02;9.99;5.20E-04;10;3.66E-04;10;;;;;;;;;;;;;;;;;;;
6420;1.44E-02;9.99;5.13E-04;10;3.60E-04;10;;;;;;;;;;;;;;;;;;;
6430;1.43E-02;9.99;5.05E-04;10;3.54E-04;10;;;;;;;;;;;;;;;;;;;
6440;1.42E-02;9.99;4.97E-04;10;3.49E-04;10;;;;;;;;;;;;;;;;;;;
6450;1.40E-02;9.99;4.89E-04;10;3.43E-04;10;;;;;;;;;;;;;;;;;;;
6460;1.39E-02;9.99;4.82E-04;10;3.38E-04;10;;;;;;;;;;;;;;;;;;;
6470;1.37E-02;9.99;4.75E-04;10;3.32E-04;10;;;;;;;;;;;;;;;;;;;
6480;1.36E-02;9.99;4.67E-04;10;3.27E-04;10;;;;;;;;;;;;;;;;;;;
6490;1.35E-02;9.99;4.60E-04;10;3.22E-04;10;;;;;;;;;;;;;;;;;;;
6500;1.33E-02;9.99;4.53E-04;10;3.17E-04;10;;;;;;;;;;;;;;;;;;;
6510;1.32E-02;9.99;4.46E-04;10;3.12E-04;10;;;;;;;;;;;;;;;;;;;
6520;1.31E-02;9.99;4.39E-04;10;3.07E-04;10;;;;;;;;;;;;;;;;;;;
6530;1.29E-02;9.99;4.33E-04;10;3.02E-04;10;;;;;;;;;;;;;;;;;;;
6540;1.28E-02;9.99;4.26E-04;10;2.97E-04;10;;;;;;;;;;;;;;;;;;;
6550;1.27E-02;9.99;4.20E-04;10;2.93E-04;10;;;;;;;;;;;;;;;;;;;
6560;1.25E-02;9.99;4.13E-04;10;2.88E-04;10;;;;;;;;;;;;;;;;;;;
6570;1.24E-02;9.99;4.07E-04;10;2.83E-04;10;;;;;;;;;;;;;;;;;;;
6580;1.23E-02;9.99;4.01E-04;10;2.79E-04;10;;;;;;;;;;;;;;;;;;;
6590;1.22E-02;9.99;3.95E-04;10;2.74E-04;10;;;;;;;;;;;;;;;;;;;
6600;1.20E-02;9.99;3.89E-04;10;2.70E-04;10;;;;;;;;;;;;;;;;;;;
6610;1.19E-02;9.99;3.83E-04;10;2.66E-04;10;;;;;;;;;;;;;;;;;;;
6620;1.18E-02;9.99;3.77E-04;10;2.62E-04;10;;;;;;;;;;;;;;;;;;;
6630;1.17E-02;9.99;3.71E-04;10;2.58E-04;10;;;;;;;;;;;;;;;;;;;
6640;1.15E-02;9.99;3.65E-04;10;2.53E-04;10;;;;;;;;;;;;;;;;;;;
6650;1.14E-02;9.99;3.60E-04;10;2.49E-04;10;;;;;;;;;;;;;;;;;;;
6660;1.13E-02;9.99;3.54E-04;10;2.45E-04;10;;;;;;;;;;;;;;;;;;;
6670;1.12E-02;9.99;3.49E-04;10;2.42E-04;10;;;;;;;;;;;;;;;;;;;
6680;1.11E-02;9.99;3.44E-04;10;2.38E-04;10;;;;;;;;;;;;;;;;;;;
6690;1.10E-02;9.99;3.38E-04;10;2.34E-04;10;;;;;;;;;;;;;;;;;;;
6700;1.09E-02;9.99;3.33E-04;10;2.30E-04;10;;;;;;;;;;;;;;;;;;;
6710;1.08E-02;9.99;3.28E-04;10;2.27E-04;10;;;;;;;;;;;;;;;;;;;
6720;1.06E-02;9.99;3.23E-04;10;2.23E-04;10;;;;;;;;;;;;;;;;;;;
6730;1.05E-02;9.99;3.18E-04;10;2.20E-04;10;;;;;;;;;;;;;;;;;;;
6740;1.04E-02;9.99;3.13E-04;10;2.16E-04;10;;;;;;;;;;;;;;;;;;;
6750;1.03E-02;9.99;3.08E-04;10;2.13E-04;10;;;;;;;;;;;;;;;;;;;
6760;1.02E-02;9.99;3.04E-04;10;2.09E-04;10;;;;;;;;;;;;;;;;;;;
6770;1.01E-02;9.99;2.99E-04;10;2.06E-04;10;;;;;;;;;;;;;;;;;;;
6780;1.00E-02;9.99;2.95E-04;10;2.03E-04;10;;;;;;;;;;;;;;;;;;;
6790;9.91E-03;9.99;2.90E-04;10;2.00E-04;10;;;;;;;;;;;;;;;;;;;
6800;9.81E-03;9.99;2.86E-04;10;1.96E-04;10;;;;;;;;;;;;;;;;;;;
6810;9.71E-03;9.99;2.81E-04;10;1.93E-04;10;;;;;;;;;;;;;;;;;;;
6820;9.61E-03;9.99;2.77E-04;10;1.90E-04;10;;;;;;;;;;;;;;;;;;;
6830;9.52E-03;9.99;2.73E-04;10;1.87E-04;10;;;;;;;;;;;;;;;;;;;
6840;9.42E-03;9.99;2.69E-04;10;1.84E-04;10;;;;;;;;;;;;;;;;;;;
6850;9.32E-03;9.99;2.64E-04;10;1.81E-04;10;;;;;;;;;;;;;;;;;;;
6860;9.23E-03;9.99;2.60E-04;10;1.78E-04;10;;;;;;;;;;;;;;;;;;;
6870;9.14E-03;9.99;2.56E-04;10;1.76E-04;10;;;;;;;;;;;;;;;;;;;
6880;9.04E-03;9.99;2.53E-04;10;1.73E-04;10;;;;;;;;;;;;;;;;;;;
6890;8.95E-03;9.99;2.49E-04;10;1.70E-04;10;;;;;;;;;;;;;;;;;;;
6900;8.86E-03;9.99;2.45E-04;10;1.67E-04;10;;;;;;;;;;;;;;;;;;;
6910;8.77E-03;9.99;2.41E-04;10;1.65E-04;10;;;;;;;;;;;;;;;;;;;
6920;8.68E-03;9.99;2.37E-04;10;1.62E-04;10;;;;;;;;;;;;;;;;;;;
6930;8.60E-03;9.99;2.34E-04;10;1.60E-04;10;;;;;;;;;;;;;;;;;;;
6940;8.51E-03;9.99;2.30E-04;10;1.57E-04;10;;;;;;;;;;;;;;;;;;;
6950;8.42E-03;9.99;2.27E-04;10;1.55E-04;10;;;;;;;;;;;;;;;;;;;
6960;8.34E-03;9.99;2.23E-04;10;1.52E-04;10;;;;;;;;;;;;;;;;;;;
6970;8.25E-03;9.99;2.20E-04;10;1.50E-04;10;;;;;;;;;;;;;;;;;;;
6980;8.17E-03;9.99;2.17E-04;10;1.47E-04;10;;;;;;;;;;;;;;;;;;;
6990;8.09E-03;9.99;2.13E-04;10;1.45E-04;10;;;;;;;;;;;;;;;;;;;
7000;8.00E-03;9.99;2.10E-04;10;1.43E-04;10;;;;;;;;;;;;;;;;;;;
7010;7.92E-03;9.99;2.07E-04;10;1.41E-04;10;;;;;;;;;;;;;;;;;;;
7020;7.84E-03;9.99;2.04E-04;10;1.38E-04;10;;;;;;;;;;;;;;;;;;;
7030;7.76E-03;9.99;2.00E-04;10;1.36E-04;10;;;;;;;;;;;;;;;;;;;
7040;7.68E-03;9.99;1.97E-04;10;1.34E-04;10;;;;;;;;;;;;;;;;;;;
7050;7.61E-03;9.99;1.94E-04;10;1.32E-04;10;;;;;;;;;;;;;;;;;;;
7060;7.53E-03;9.99;1.91E-04;10;1.30E-04;10;;;;;;;;;;;;;;;;;;;
7070;7.45E-03;9.99;1.89E-04;10;1.28E-04;10;;;;;;;;;;;;;;;;;;;
7080;7.38E-03;9.99;1.86E-04;10;1.26E-04;10;;;;;;;;;;;;;;;;;;;
7090;7.30E-03;9.99;1.83E-04;10;1.24E-04;10;;;;;;;;;;;;;;;;;;;
7100;7.23E-03;9.99;1.80E-04;10;1.22E-04;10;;;;;;;;;;;;;;;;;;;
7110;7.16E-03;9.99;1.77E-04;10;1.20E-04;10;;;;;;;;;;;;;;;;;;;
7120;7.08E-03;9.99;1.75E-04;10;1.18E-04;10;;;;;;;;;;;;;;;;;;;
7130;7.01E-03;9.99;1.72E-04;10;1.16E-04;10;;;;;;;;;;;;;;;;;;;
7140;6.94E-03;9.99;1.69E-04;10;1.14E-04;10;;;;;;;;;;;;;;;;;;;
7150;6.87E-03;9.99;1.67E-04;10;1.12E-04;10;;;;;;;;;;;;;;;;;;;
7160;6.80E-03;9.99;1.64E-04;10;1.11E-04;10;;;;;;;;;;;;;;;;;;;
7170;6.73E-03;9.99;1.62E-04;10;1.09E-04;10;;;;;;;;;;;;;;;;;;;
